Process Date,Process ID,Artifact name,Library concentration (nM),Size (bp)
2019-12-02,24-68761,TRAPC1,0.26972097046723176,453
2019-11-25,24-70599,5732-19,9.12305004770883,555
2019-11-25,24-70599,5741-19,10.061651213368922,547
2019-11-25,24-70599,5742-19,9.767311729454345,541
2019-11-25,24-70599,5766-19,12.703192020254347,552
2019-11-25,24-70599,5767-19,11.322282319004007,549
2019-11-25,24-70599,5810-19,11.368031187022858,560
2019-11-25,24-70599,5811-19,10.359550153427106,546
2019-11-25,24-70599,5812-19,10.916991474340715,560
2019-11-25,24-70599,6538-19,10.824963861773286,554
2019-11-25,24-70599,6539-19,10.395434229044524,566
2019-11-25,24-70599,6540-19,11.582639988106239,561
2019-11-25,24-70599,8355-19,5.83882348422349,550
2019-11-25,24-70599,4966-19,8.934465246543327,547
2019-11-25,24-70599,5355-19,9.082615343092007,563
2019-11-25,24-70599,5438-19,10.044425562581159,552
2019-11-25,24-70599,5526-19,8.42494592809374,559
2019-11-25,24-70599,5527-19,10.791331781794652,561
2019-11-25,24-70599,5528-19,12.469830496968873,559
2019-11-25,24-70599,5727-19,11.408293282559857,553
2019-11-25,24-70599,5730-19,11.40151200465309,550
2019-11-29,24-71234,TRAPC1,0.22069691228789112,551
2019-11-29,24-71234,9497-19,5.852227103581727,567
2019-11-29,24-71234,9550-19,5.790200177572921,551
2019-11-29,24-71234,9635-19,6.60130860907949,549
2019-11-29,24-71234,9641-19,4.510063778391064,564
2019-11-29,24-71234,9655-19,7.399667008642097,553
2019-11-29,24-71234,9698-19,7.942621032858773,554
2019-11-29,24-71234,9768-19,6.494832693333111,540
2019-11-29,24-71234,9758-19,6.157713782745324,556
2019-11-29,24-71234,9696-19,6.971379218069929,556
2019-11-29,24-71234,9823-19,7.313338068688958,567
2019-11-29,24-71234,9806-19,9.430320690442143,560
2019-11-29,24-71234,10028-19,7.122006748042947,543
2019-11-29,24-71234,10084-19,8.021283984903912,537
2019-11-29,24-71234,10095-19,7.263739482737491,558
2019-11-29,24-71234,10111-19,6.501638680056001,565
2019-11-29,24-71234,10155-19,6.72662771552493,568
2019-11-29,24-71234,10191-19,6.0061695737845096,550
2019-11-29,24-71234,10217-19,5.6119870513784225,558
2019-11-29,24-71234,10213-19,6.853641989678812,572
2019-11-29,24-71234,10256-19,4.767981980200706,567
2019-11-29,24-71234,10238-19,7.636922748728001,565
2019-11-29,24-71234,10385-19,7.622650048121997,581
2019-11-29,24-71234,10386-19,7.242659303790108,550
2020-02-10,24-73778,3858-15,7.847113125912683,503
2020-02-10,24-73778,3860-15,13.506307910751968,508
2020-02-10,24-73778,5464-19,11.975660425400001,500
2020-02-10,24-73778,4065-19,17.989214837718166,501
2020-02-10,24-73778,6596-19,14.987671038041453,550
2020-02-10,24-73778,6597-19,17.115358727608395,524
2020-02-10,24-73778,9900-19,11.822288464341668,528
2020-02-10,24-73778,10931-19,12.874163578723563,539
2020-02-10,24-73778,10974-19,10.880838271784775,578
2020-02-10,24-73778,10903-19,11.582993754201379,580
2020-02-10,24-73778,10904-19,11.559210840173355,593
2020-02-10,24-73778,10837-19,11.077253997922389,603
2020-02-10,24-73778,10888-19,13.423465979171052,608
2020-02-10,24-73778,10844-19,8.53638490256138,580
2020-02-10,24-73778,10848-19,8.910021639494316,598
2020-02-10,24-73778,10777-19,11.416316483107156,573
2020-02-10,24-73778,10734-19,12.196705647345054,637
2020-02-10,24-73778,10486-19,9.786523380799999,647
2020-02-10,24-73778,10477-19,7.27274522239645,676
2020-02-10,24-73778,10439-19,7.810879874073305,693
2020-02-10,24-73778,10442-19,7.100695283851312,686
2020-02-10,24-73778,10425-19,9.16127527062781,676
2020-02-10,24-73778,10440-19,12.543826750595255,590
2020-02-10,24-73778,3859-15,14.170391427773723,548
2020-02-10,24-73857,6642-19,16.285961750105606,553
2020-02-10,24-73857,6643-19,6.833852072008117,547
2020-02-10,24-73857,6644-19,13.757901568725227,551
2020-02-10,24-73857,1333-19,17.86060967963253,541
2020-02-10,24-73857,1334-19,18.15322461200456,526
2020-02-10,24-73857,4650-19,8.446130507717037,540
2020-02-10,24-73857,4025-19,6.2388467871324575,533
2020-02-10,24-73857,4026-19,7.704567033046411,549
2020-02-10,24-73857,6913-19,13.040963199242883,541
2020-02-10,24-73857,6774-19,11.700009582906667,540
2020-02-10,24-73857,6775-19,10.076034084822515,533
2020-02-10,24-73857,7111-19,7.837217797390192,522
2020-02-10,24-73857,7112-19,7.36814547332812,532
2020-02-10,24-73857,7113-19,9.815111604189209,556
2020-02-10,24-73857,4081-19,6.031863362424766,533
2020-02-10,24-73857,4082-19,8.306183427775132,534
2020-02-10,24-73857,4083-19,6.0673303238057255,538
2020-02-10,24-73857,6064-19,9.2379480539658,538
2020-02-10,24-73857,6065-19,8.621688190112433,555
2020-02-10,24-73857,6082-19,5.527826323230865,543
2020-02-10,24-73857,4122-19,7.499658818011713,543
2020-02-10,24-73857,4321-19,7.233577792891052,532
2020-02-10,24-73857,4322-19,6.437195451082698,519
2020-02-10,24-73857,6760-19,29.099167779847658,533
2020-01-29,24-75355,10676-19,12.464598514199631,541
2020-01-29,24-75355,11090-19,10.034452172201801,555
2020-01-29,24-75355,11091-19,13.13440366817705,549
2020-01-29,24-75355,11166-19,10.307440128000001,565
2020-01-29,24-75355,3816-19,9.702030970774377,562
2020-01-29,24-75355,3892-19,7.825805772510073,552
2020-01-29,24-75355,3893-19,4.913392321582326,559
2020-01-29,24-75355,9339-19,13.453771839443124,589
2020-01-29,24-75355,9340-19,11.962438227043936,569
2020-01-29,24-75355,9837-19,11.503347818951674,567
2020-01-29,24-75355,9838-19,15.093842231480286,558
2020-01-29,24-75355,9839-19,12.585864113072027,572
2020-01-29,24-75355,5982-19,13.845109774116935,561
2020-01-29,24-75355,6367-19,9.825609924946448,549
2020-01-29,24-75355,6369-19,9.085552615618441,564
2020-01-29,24-75355,6371-19,10.501928512025783,543
2020-01-29,24-75355,6373-19,10.31642628869418,567
2020-01-29,24-75355,6374-19,3.5221013110073187,552
2020-01-29,24-75355,6375-19,3.571936807,565
2020-01-29,24-75355,6402-19,4.068780501912798,572
2020-01-29,24-75355,6454-19,4.597811202718809,571
2020-01-29,24-75355,6455-19,5.568645028265089,558
2020-01-29,24-75355,6583-19,5.873030293104,550
2020-01-29,24-75355,6584-19,2.9902266557554515,554
2020-01-29,24-75361,5667-19,17.901549422130742,566
2020-01-29,24-75361,5963-19,14.187955271840423,569
2020-01-29,24-75361,5964-19,14.439160357340365,550
2020-01-29,24-75361,6017-19,15.612786235875,544
2020-01-29,24-75361,6018-19,7.990421854623824,544
2020-01-29,24-75361,5668-19,11.91545014859378,611
2020-01-29,24-75361,6020-19,8.387526012065933,546
2020-01-29,24-75361,7566-19,3.523801180342425,569
2020-01-29,24-75361,7565-19,8.497655196582938,551
2020-01-29,24-75361,7449-19,5.902868163368275,551
2020-01-29,24-75361,7448-19,5.059695996324723,559
2020-01-29,24-75361,7378-19,3.872961188740262,535
2020-01-29,24-75361,6496-19,8.358619349205537,578
2020-01-29,24-75361,6495-19,6.867798010513381,568
2020-01-29,24-75361,6494-19,6.823480817531564,550
2020-01-29,24-75361,6344-19,4.565982483353711,566
2020-01-29,24-75361,6343-19,10.83581768253617,564
2020-01-29,24-75361,6342-19,13.479310149319927,557
2020-01-29,24-75361,7276-17,8.070508838816428,543
2020-01-29,24-75361,7489-19,11.229988354409596,542
2020-01-29,24-75361,7488-19,9.130985732298686,533
2020-01-29,24-75361,7299-19,14.352971798106763,547
2020-01-29,24-75361,6697-19,15.604239512133576,554
2020-01-29,24-75361,6696-19,15.983686931927009,548
2020-01-29,24-75361,6694-19,13.757636162539779,538
2020-03-11,24-78206,5963-19,11.464482836938489,569
2020-03-11,24-78206,6020-19,7.184616385549596,546
2020-03-11,24-78206,10676-19,10.80681235963549,541
2020-03-11,24-78206,11090-19,10.730353508899459,555
2020-03-11,24-78206,11166-19,9.2274122908,565
2020-03-11,24-78206,9839-19,11.57310579991958,572
2020-03-11,24-78206,7565-19,8.705656980609799,551
2020-03-11,24-78206,6342-19,11.244847131467864,557
2020-03-11,24-78206,7276-17,7.121930169961547,543
2020-03-11,24-78206,7489-19,10.841861981354244,542
2020-03-11,24-78206,7488-19,8.431482729522926,533
2020-03-11,24-78206,7299-19,10.919831921393051,547
2020-03-11,24-78206,6696-19,11.418468398359853,548
2020-03-11,24-78206,11026-19,7.424977314696335,524
2020-03-11,24-78206,11108-19,8.867263813288638,528
2020-03-11,24-78206,11109-19,8.30981682368119,538
2020-03-11,24-78206,6585-19,7.6529673397196145,519
2020-03-11,24-78206,6586-19,8.365736377620754,530
2020-03-11,24-78206,6587-19,14.164724798522007,518
2020-03-11,24-78206,11003-19,11.997594911181505,519
2020-03-11,24-78206,11173-19,11.572044102452372,527
2020-03-11,24-78206,10239-19,9.48626320169398,515
2020-03-11,24-78206,10240-19,12.086210103420408,539
2020-03-11,24-78206,9825-19,12.891049669751832,519
2020-03-11,24-79436,5490-19,13.837821936645089,519
2020-03-11,24-79436,5491-19,15.200407664592998,514
2020-03-11,24-79436,5492-19,16.420604814820454,528
2020-03-11,24-79436,8635-19,9.292613270626457,514
2020-03-11,24-79436,8636-19,11.133985410523751,501
2020-03-11,24-79436,8637-19,14.965978693526937,542
2020-03-11,24-79436,10253-19,13.638381944270039,514
2020-03-11,24-79436,11205-19,13.61930135647336,518
2020-03-11,24-79436,11257-19,11.887026033948217,533
2020-03-11,24-79436,11466-19,14.300878358615204,513
2020-03-11,24-79436,11515-19,13.175407831516031,524
2020-03-11,24-79436,11545-19,11.550299094431237,525
2020-03-11,24-79436,11655-19,11.41565253707353,544
2020-03-11,24-79436,11691-19,13.402011199150449,557
2020-03-11,24-79436,11734-19,16.054707099965555,511
2020-03-11,24-79436,11777-19,13.144649235418868,530
2020-03-11,24-79436,11824-19,13.778718923313555,546
2020-03-11,24-79436,11930-19,6.759220825699678,498
2020-03-11,24-79436,11955-19,10.47932393796326,577
2020-03-11,24-79436,12011-19,12.60827132326868,530
2020-03-11,24-79436,12061-19,13.700321222550382,524
2020-03-11,24-79436,12218-19,13.65756812995903,537
2020-03-11,24-79436,6593-13,14.811388084911647,541
2020-03-11,24-79436,71-20,10.72485640681639,537
2020-03-16,24-80501,5963-19,10.9490669279,560
2020-03-16,24-80501,6586-19,12.8032183645,551
2020-03-16,24-80501,27-19,13.6662002474,564
2020-03-16,24-80501,28-19,14.6881186562,553
2020-03-16,24-80501,10527-19,12.2610989578,556
2020-03-16,24-80501,128-20,7.76000565436,551
2020-03-16,24-80501,205-20,14.2366834057,547
2020-03-16,24-80501,221-20,12.7924366986,556
2020-03-16,24-80501,247-20,11.8788002382,556
2020-03-16,24-80501,248-20,13.735720837,550
2020-03-16,24-80501,294-20,13.3900416174,540
2020-03-16,24-80501,333-20,15.1648961267,555
2020-03-16,24-80501,458-20,12.8580557151,568
2020-03-16,24-80501,469-20,16.1198742853,551
2020-03-16,24-80501,509-20,14.3634696111,556
2020-03-16,24-80501,519-20,16.3811702325,543
2020-03-16,24-80501,526-20,11.6632998257,562
2020-03-16,24-80501,637-20,11.8764683337,553
2020-03-16,24-80501,658-20,13.7274863808,553
2020-03-16,24-80501,661-20,13.8136072053,580
2020-03-16,24-80501,690-20,14.0822264514,556
2020-03-16,24-80501,797-20,12.4290077719,550
2020-03-16,24-80501,798-20,13.2171009255,574
2020-03-16,24-80501,814-20,14.8008629527,574
2020-03-11,24-82305,3892-19,12.4803547072,547
2020-03-11,24-82305,6119-13,15.5336985912,553
2020-03-11,24-82305,6365-13,7.85431154053,525
2020-03-11,24-82305,6366-13,12.6339352707,542
2020-03-11,24-82305,6136-19,13.6428397703,543
2020-03-11,24-82305,6137-19,14.1380321266,528
2020-03-11,24-82305,6318-19,13.2038578634,540
2020-03-11,24-82305,6874-19,19.7150663678,555
2020-03-11,24-82305,6875-19,17.8759577494,539
2020-03-11,24-82305,7450-19,13.7928041723,535
2020-03-11,24-82305,7550-19,11.4568987027,543
2020-03-11,24-82305,7578-19,24.3532087085,550
2020-03-11,24-82305,8499-19,15.0109215343,555
2020-03-11,24-82305,8613-19,13.5113338779,541
2020-03-11,24-82305,8798-19,14.7593203481,546
2020-03-11,24-82305,8799-19,9.22654417646,491
2020-03-11,24-82305,8800-19,7.56831245474,544
2020-03-11,24-82305,9113-19,10.8864376081,551
2020-03-11,24-82305,9114-19,10.7403892586,548
2020-03-11,24-82305,9115-19,12.2741197072,538
2020-03-11,24-82305,851-20,9.58935867494,549
2020-03-11,24-82305,8905-19,12.1457059551,529
2020-03-11,24-82305,8907-19,9.16272184591,532
2020-03-11,24-82305,9262-19,13.2767076306,524
2020-03-16,24-83692,9386-19,13.1704210104,529
2020-03-16,24-83692,9388-19,12.74305709,541
2020-03-16,24-83692,9389-19,15.4310023582,550
2020-03-16,24-83692,2081-20,21.8768690042,526
2020-03-16,24-83692,1038-20,18.3540559676,518
2020-03-16,24-83692,1040-20,18.3209698495,519
2020-03-16,24-83692,1042-20,15.571105378,532
2020-03-16,24-83692,1063-20,20.3760112567,535
2020-03-16,24-83692,1176-20,5.90700544785,550
2020-03-16,24-83692,1259-20,7.52419486074,556
2020-03-16,24-83692,1328-20,9.3309755138,550
2020-03-16,24-83692,1559-20,9.28550489047,534
2020-03-16,24-83692,1492-20,5.38553949803,543
2020-03-16,24-83692,1469-20,7.61501732676,542
2020-03-16,24-83692,1455-20,7.14824262845,549
2020-03-16,24-83692,1369-20,7.01795127478,538
2020-04-28,24-85232,9386-19,12.0781185299,529
2020-04-28,24-85232,9388-19,12.1059506767,541
2020-04-28,24-85232,1038-20,14.8522378917,518
2020-04-28,24-85232,1042-20,14.2172984291,532
2020-04-28,24-85232,1063-20,18.3901518516,535
2020-04-28,24-85232,2232-19,15.5639177851,527
2020-04-28,24-85232,7403-19,15.4188846154,512
2020-04-28,24-85232,8143-19,13.3906754014,518
2020-04-28,24-85232,9286-19,15.8708576895,513
2020-04-28,24-85232,9287-19,11.2588467911,518
2020-04-28,24-85232,9288-19,11.0231929604,515
2020-04-28,24-85232,1532-20,16.6263623986,511
2020-04-28,24-85232,1543-20,14.9641813893,517
2020-04-28,24-85232,1624-20,11.6469682173,513
2020-04-28,24-85232,1581-20,12.1455199665,532
2020-04-28,24-85232,1657-20,11.4340628175,526
2020-04-28,24-85232,1736-20,13.1563075763,511
2020-04-28,24-85232,1791-20,12.9831923454,505
2020-04-28,24-85232,1835-20,13.277393233,515
2020-04-28,24-85232,1803-20,13.2792320464,528
2020-04-28,24-85232,1283-20,14.601117457,530
2020-04-28,24-85232,780-20,12.4244041379,521
2020-04-28,24-85232,1943-20,13.1176849158,521
2020-04-28,24-85232,2085-20,11.0738557692,520
2020-04-03,24-86076,7895-19,9.04759926591,520
2020-04-03,24-86076,8553-19,12.7122484948,520
2020-04-03,24-86076,8554-19,11.332636565,512
2020-04-03,24-86076,8555-19,9.9920100676,507
2020-04-03,24-86076,10496-19,11.9915765425,501
2020-04-03,24-86076,2817-20,14.7419048696,502
2020-04-03,24-86076,5689-14,8.72873424115,513
2020-04-03,24-86076,7576-14,12.4171227443,513
2020-04-03,24-86076,7579-14,8.78694611415,521
2020-04-03,24-86076,2091-19,10.2059654254,514
2020-04-03,24-86076,2092-19,11.3729838433,525
2020-04-03,24-86076,2093-19,11.1761108204,515
2020-04-03,24-86076,6624-19,9.69480581872,522
2020-04-03,24-86076,9047-19,8.98422952561,530
2020-04-03,24-86076,9048-19,11.6842279859,511
2020-04-03,24-86076,8564-19,11.1156882574,538
2020-04-03,24-86076,8565-19,10.6426390393,527
2020-04-03,24-86076,8566-19,12.0543021878,522
2020-04-03,24-86076,8853-19,12.9260867368,521
2020-04-03,24-86076,8854-19,9.65596009533,533
2020-04-03,24-86076,8855-19,10.9379519028,525
2020-04-03,24-86076,9514-19,10.6306134862,516
2020-04-03,24-86076,10735-19,6.57529967011,529
2020-04-03,24-86076,10795-19,13.4096145041,543
2020-04-28,24-86988,111D,6.21523499138,551
2020-04-28,24-86988,111G,8.412526786,573
2020-04-28,24-86988,9968-19,10.5291708495,549
2020-04-28,24-86988,9969-19,9.06264163356,550
2020-04-28,24-86988,9970-19,10.5976353331,541
2020-04-28,24-86988,10583-19,10.4960529902,540
2020-04-28,24-86988,10584-19,11.1004554857,548
2020-04-28,24-86988,10585-19,9.08939139974,556
2020-04-28,24-86988,10639-19,6.61427006172,547
2020-04-28,24-86988,10640-19,7.53190350636,559
2020-04-28,24-86988,10641-19,8.61352708363,554
2020-04-28,24-86988,10789-19,9.67804907956,546
2020-04-28,24-86988,10790-19,9.99243172445,563
2020-04-28,24-86988,10791-19,8.06056519378,532
2020-04-28,24-86988,11626-19,9.43337067572,557
2020-04-28,24-86988,11627-19,11.3102621094,553
2020-04-28,24-86988,11628-19,12.636020061,546
2020-04-28,24-86988,303-09,5.68349830925,549
2020-04-28,24-86988,11869-19,10.9811629961,545
2020-04-28,24-86988,11870-19,6.66756363678,538
2020-04-28,24-86988,11871-19,10.7756030689,548
2020-04-28,24-86988,1999-20,16.7871521762,520
2020-04-28,24-86988,2147-20,9.38582010141,557
2020-04-28,24-86988,2148-20,14.2694012191,530
2020-04-22,24-87360,10822-19,9.00033432383,526
2020-04-22,24-87360,10819-19,9.72512780622,529
2020-04-22,24-87360,10674-19,10.5252225,519
2020-04-22,24-87360,9359-19,12.4535042765,526
2020-04-22,24-87360,9358-19,13.1042588097,530
2020-04-22,24-87360,9357-19,10.9054204548,543
2020-04-22,24-87360,1880-20,11.0917089993,527
2020-04-22,24-87360,1882-20,12.2773353498,515
2020-04-22,24-87360,2190-20,4.27483605732,500
2020-04-22,24-87360,2270-20,11.0890980213,536
2020-04-22,24-87360,2291-20,10.7544128687,529
2020-04-22,24-87360,2313-20,10.4802565545,523
2020-04-22,24-87360,2336-20,13.9305837846,534
2020-04-22,24-87360,2367-20,10.7435955745,530
2020-04-22,24-87360,2419-20,12.5351529783,523
2020-04-22,24-87360,2421-20,3.26856659642,509
2020-04-22,24-87360,2529-20,2.36593307681,496
2020-04-22,24-87360,2570-20,11.4240683219,530
2020-04-22,24-87360,2572-20,13.1338897243,527
2020-04-22,24-87360,2615-20,8.73783755748,529
2020-04-22,24-87360,2711-20,9.8108696475,539
2020-04-22,24-87360,2714-20,12.4292334686,538
2020-04-22,24-87360,2839-20,9.76781692504,526
2020-04-22,24-87360,2840-20,2.55640289055,514
2020-04-28,24-88006,3188-20,8.13402957509,537
2020-04-28,24-88006,3103-20,13.1532718752,537
2020-04-28,24-88006,3104-20,8.59964309741,523
2020-04-28,24-88006,379-20,7.18624835021,540
2020-04-28,24-88006,380-20,6.99825653172,537
2020-04-28,24-88006,10893-19,9.0624262399,536
2020-04-28,24-88006,10894-19,12.6864248484,533
2020-04-28,24-88006,11277-19,11.006386915,544
2020-04-28,24-88006,11971-19,8.32694393171,528
2020-04-28,24-88006,12217-19,8.50260538523,566
2020-04-28,24-88006,11562-19,8.99916834093,543
2020-04-28,24-88006,11563-19,11.0573517148,531
2020-04-28,24-88006,11564-19,6.12504513886,483
2020-04-28,24-88006,11586-19,10.4831083763,532
2020-04-28,24-88006,11587-19,13.0460080891,567
2020-04-28,24-88006,11588-19,10.0305142611,532
2020-04-28,24-88006,11724-19,6.79260973723,528
2020-04-28,24-88006,11725-19,9.06283290356,552
2020-04-28,24-88006,11726-19,7.6174435125,528
2020-04-28,24-88006,11754-19,8.28149900077,538
2020-04-28,24-88006,11755-19,11.8971752841,545
2020-04-28,24-88006,11756-19,12.3601210155,535
2020-04-28,24-88006,12209-19,12.2645828524,565
2020-04-28,24-88006,12210-19,10.7691417277,559
2020-05-04,24-88856,498-20,11.1966256378,552
2020-05-04,24-88856,516-20,7.70105707928,550
2020-05-04,24-88856,517-20,5.48809979582,557
2020-05-04,24-88856,1314-20,6.04863978663,539
2020-05-04,24-88856,1316-20,7.14752021888,546
2020-05-04,24-88856,1317-20,6.18111485607,550
2020-05-04,24-88856,12214-19,7.26212467173,550
2020-05-04,24-88856,12215-19,7.71615872405,539
2020-05-04,24-88856,12216-19,6.71073963693,563
2020-05-04,24-88856,2337-20,9.02774769095,533
2020-05-04,24-88856,2989-20,8.19526834599,547
2020-05-04,24-88856,3001-20,8.60034469672,544
2020-05-04,24-88856,3013-20,7.86215764927,545
2020-05-04,24-88856,3016-20,7.63543558877,554
2020-05-04,24-88856,3064-20,8.30885447956,555
2020-05-04,24-88856,3084-20,9.33297571275,568
2020-05-04,24-88856,3235-20,7.59881158595,574
2020-05-04,24-88856,3236-20,9.51123222708,547
2020-05-04,24-88856,3270-20,8.07490182583,546
2020-05-04,24-88856,3296-20,8.53237313792,546
2020-05-04,24-88856,3305-20,9.80023880496,536
2020-05-04,24-88856,3333-20,10.7832823808,538
2020-05-04,24-88856,3387-20,10.0321166225,544
2020-05-04,24-88856,3389-20,13.7839608835,535
2020-05-07,24-89827,3391-20,15.3249482875,556
2020-05-07,24-89827,3432-20,14.8543727052,565
2020-05-07,24-89827,3459-20,12.6347651873,562
2020-05-07,24-89827,3470-20,14.5995928193,574
2020-05-07,24-89827,284-20,14.8288059079,550
2020-05-07,24-89827,11301-19,10.6007143584,547
2020-05-07,24-89827,11307-19,14.1401056033,551
2020-05-07,24-89827,11314-19,12.1452319162,545
2020-05-07,24-89827,1326-20,6.19976623192,552
2020-05-07,24-89827,137-20,8.88812441403,566
2020-05-07,24-89827,138-20,9.01088616365,557
2020-05-07,24-89827,139-20,11.7654697231,559
2020-05-07,24-89827,1883-20,8.82181818807,552
2020-05-07,24-89827,1884-20,8.55413965917,561
2020-05-07,24-89827,1885-20,12.5547828806,543
2020-05-07,24-89827,4879-18,11.03147094,558
2020-05-07,24-89827,5688-18,11.1649494589,574
2020-05-07,24-89827,5689-18,10.3930441023,555
2020-05-07,24-89827,7882-15,8.85589586293,556
2020-05-07,24-89827,7884-15,14.095695886,560
2020-05-07,24-89827,7951-15,9.29815635965,553
2020-05-07,24-89827,8300-19,13.6821683263,562
2020-05-07,24-89827,8301-19,13.6958121162,558
2020-05-07,24-89827,3151-18,10.9154892318,546
2020-05-08,24-90029,713-20,6.9388089249,538
2020-05-08,24-90029,714-20,6.74119627555,546
2020-05-08,24-90029,715-20,7.20569302431,556
2020-05-08,24-90029,11434-19,8.99688054248,545
2020-05-08,24-90029,11465-19,10.7479196308,530
2020-05-08,24-90029,1090-20,8.45231190604,537
2020-05-08,24-90029,1091-20,12.7536630816,548
2020-05-08,24-90029,1092-20,10.2427627053,507
2020-05-08,24-90029,1470-20,7.11061185208,519
2020-05-08,24-90029,1471-20,7.10055729701,548
2020-05-08,24-90029,1472-20,8.82957036505,525
2020-05-08,24-90029,1484-20,10.3987569022,541
2020-05-08,24-90029,1485-20,11.5659613993,525
2020-05-08,24-90029,1491-20,10.303195289,521
2020-05-08,24-90029,1716-20,15.7672141011,532
2020-05-08,24-90029,3063-20,18.269442664,549
2020-05-08,24-90029,2492-20,7.7526371703,523
2020-05-08,24-90029,3504-20,8.38685486041,536
2020-05-08,24-90029,3542-20,9.68419029654,526
2020-05-08,24-90029,3561-20,10.9711922844,525
2020-05-08,24-90029,3587-20,11.7973426257,511
2020-05-08,24-90029,510-20,13.7118364065,508
2020-05-08,24-90029,3582-20,10.9269007365,515
2020-05-08,24-90029,3583-20,12.4974873063,509
2020-05-14,24-90542,2149-20,9.1297761725,535
2020-05-14,24-90542,2150-20,10.0890735276,541
2020-05-14,24-90542,2151-20,12.4505840339,513
2020-05-14,24-90542,2152-20,9.09944809472,547
2020-05-14,24-90542,2153-20,7.3633836251,537
2020-05-14,24-90542,2155-20,8.8879365074,532
2020-05-14,24-90542,3554-20,8.27268532101,523
2020-05-14,24-90542,3556-20,10.2347593046,531
2020-05-14,24-90542,3557-20,9.37573041441,533
2020-05-14,24-90542,2493-20,9.11249397831,515
2020-05-14,24-90542,617-20,11.0668273586,506
2020-05-14,24-90542,3743-20,11.4307063405,534
2020-05-14,24-90542,3760-20,8.90216559488,542
2020-05-14,24-90542,3797-20,9.31443329259,500
2020-05-14,24-90542,3800-20,10.5340432393,518
2020-05-14,24-90542,1566-20,11.1185496578,517
2020-05-14,24-90542,1567-20,8.16787591225,505
2020-05-14,24-90542,1568-20,8.54327987732,515
2020-05-14,24-90542,1604-20,11.6876338095,509
2020-05-14,24-90542,1605-20,11.9281601385,492
2020-05-14,24-90542,1606-20,8.33692766249,538
2020-05-14,24-90542,1745-20,8.27281841617,526
2020-05-14,24-90542,1747-20,9.1883631978,531
2020-05-14,24-90542,1748-20,10.0082574796,531
2020-05-22,24-91346,4045-20,11.2364689649,555
2020-05-22,24-91346,4009-20,7.19871396596,534
2020-05-22,24-91346,3980-20,11.9535948965,545
2020-05-22,24-91346,4180-20,12.6286425431,540
2020-05-22,24-91346,4018-20,14.4396504219,549
2020-05-22,24-91346,3918-20,14.9137032079,551
2020-05-22,24-91346,4034-20,15.6634567038,555
2020-05-22,24-91346,3983-20,14.3821183559,549
2020-05-22,24-91346,3967-20,6.39228641579,546
2020-05-22,24-91346,4036-20,8.32546111519,550
2020-05-22,24-91346,4048-20,12.1034389546,550
2020-05-22,24-91346,3976-20,10.2195589373,549
2020-05-22,24-91346,1504-20,15.1036782896,548
2020-05-22,24-91346,2162-20,14.1010950417,546
2020-05-22,24-91346,2163-20,10.4566182353,549
2020-05-22,24-91346,1127-20,15.1067505961,542
2020-05-22,24-91346,1128-20,9.24376001972,552
2020-05-22,24-91346,2176-20,12.9523835352,556
2020-05-22,24-91346,2186-20,12.7313267241,546
2020-05-22,24-91346,2188-20,11.6493721544,554
2020-05-22,24-91346,2189-20,13.3623451205,556
2020-05-22,24-91346,2251-20,13.4001648798,536
2020-05-22,24-91346,2253-20,15.480185039,545
2020-05-22,24-91346,2286-20,14.3807480542,555
2020-06-03,24-92044,2426-20,13.6367312609,564
2020-06-03,24-92044,2428-20,16.2519657015,576
2020-06-03,24-92044,2427-20,11.9617730169,555
2020-06-03,24-92044,2537-20,16.8518387752,542
2020-06-03,24-92044,2538-20,14.5458017748,535
2020-06-03,24-92044,2401-20,14.525719962,527
2020-06-03,24-92044,462-20,14.6956017238,551
2020-06-03,24-92044,481-20,17.8155796263,551
2020-06-03,24-92044,480-20,11.5485516193,540
2020-06-03,24-92044,2662-20,11.5977381947,543
2020-06-03,24-92044,2659-20,10.5829022591,540
2020-06-03,24-92044,2663-20,13.6575614616,540
2020-06-03,24-92044,2661-20,12.2449336422,549
2020-06-03,24-92044,43-14,11.4182636986,534
2020-06-03,24-92044,41-14,17.2748699746,545
2020-06-03,24-92044,42-14,12.7523701434,553
2020-06-03,24-92044,2738-20,18.8881482174,563
2020-06-03,24-92044,2741-20,11.1982757623,540
2020-06-03,24-92044,2739-20,13.2261087777,557
2020-06-03,24-92044,4376-20,13.0346536708,553
2020-06-03,24-92044,4411-20,14.311019248,551
2020-06-03,24-92044,4277-20,12.9535239887,553
2020-06-03,24-92044,4346-20,14.3796426692,545
2020-06-03,24-92044,4357-20,13.397530896,569
2020-06-03,24-92408,4167-20,11.3307479707,540
2020-06-03,24-92408,4270-20,14.4031854523,539
2020-06-03,24-92408,4171-20,13.0033151645,550
2020-06-03,24-92408,4261-20,11.2489615568,533
2020-06-03,24-92408,4143-20,11.6057947989,546
2020-06-03,24-92408,4161-20,12.2042167191,550
2020-06-03,24-92408,3548-10,11.8537456917,554
2020-06-03,24-92408,3549-10,13.5003299396,552
2020-06-03,24-92408,3550-10,11.4826759554,535
2020-06-03,24-92408,6047-15,11.4997307048,559
2020-06-03,24-92408,6049-15,13.6376860401,545
2020-06-03,24-92408,6051-15,14.2862440277,554
2020-06-03,24-92408,10921-18,10.5225175525,544
2020-06-03,24-92408,10922-18,10.7926446968,555
2020-06-03,24-92408,10923-18,13.3116758889,540
2020-06-03,24-92408,7624-19,8.48049835733,557
2020-06-03,24-92408,1534-20,14.3345214369,530
2020-06-03,24-92408,1535-20,13.406513088,539
2020-06-03,24-92408,1536-20,13.6112674241,536
2020-06-03,24-92408,1742-20,12.4763685064,549
2020-06-03,24-92408,1744-20,11.1473907716,539
2020-06-03,24-92408,1746-20,8.37756458306,547
2020-06-03,24-92408,2174-20,11.1232114816,548
2020-06-03,24-92408,2317-20,12.2117542943,553
2020-06-05,24-93462,11654-19,12.5057146551,485
2020-06-05,24-93462,2454-20,18.2670399742,483
2020-06-05,24-93462,2455-20,10.5028584447,483
2020-06-05,24-93462,2797-20,10.4969295197,478
2020-06-05,24-93462,2798-20,19.0553255567,499
2020-06-05,24-93462,2799-20,18.0357970951,492
2020-06-05,24-93462,2847-20,11.2311154159,492
2020-06-05,24-93462,2849-20,18.3424616163,481
2020-06-05,24-93462,2850-20,17.2068148849,483
2020-06-05,24-93462,6055-12,18.3770388593,489
2020-06-05,24-93462,6056-12,12.2163003841,484
2020-06-05,24-93462,6057-12,16.9031374511,490
2020-06-05,24-93462,1069-18,17.6548844659,485
2020-06-05,24-93462,10481-18,14.4006505461,485
2020-06-05,24-93462,10484-18,18.6051192923,479
2020-06-05,24-93462,11098-19,10.1197571361,487
2020-06-05,24-93462,2964-20,10.0156205052,478
2020-06-05,24-93462,2971-20,12.4266812642,487
2020-06-05,24-93462,2972-20,10.663412336,487
2020-06-05,24-93462,2973-20,11.9613645153,482
2020-06-05,24-93462,2963-20,15.8285440281,485
2020-06-05,24-93462,3002-20,26.1431251532,470
2020-06-05,24-93462,3003-20,18.5017275055,472
2020-06-05,24-93462,3004-20,18.7234690825,480
2020-06-11,24-93734,4573-20,10.4229971142,565
2020-06-11,24-93734,4562-20,10.3640025002,527
2020-06-11,24-93734,4611-20,12.2157127203,477
2020-06-11,24-93734,4521-20,7.7767192925,404
2020-06-11,24-93734,4783-20,12.0754687036,435
2020-06-11,24-93734,4522-20,11.6502036413,459
2020-06-11,24-93734,4616-20,10.964739722,484
2020-06-11,24-93734,4585-20,12.8402750038,567
2020-06-11,24-93734,4656-20,11.9976759963,566
2020-06-11,24-93734,4515-20,11.8439749825,552
2020-06-11,24-93734,4572-20,10.6580048563,535
2020-06-11,24-93734,4154-20,10.1928298125,486
2020-06-11,24-93734,4749-20,9.73799975616,484
2020-06-11,24-93734,3184-20,10.0010942311,492
2020-06-11,24-93734,3179-20,11.6809842988,497
2020-06-11,24-93734,3178-20,9.52560113316,519
2020-06-11,24-93734,3102-20,8.01012038077,579
2020-06-11,24-93734,3101-20,9.10746979414,578
2020-06-11,24-93734,3100-20,10.7228468873,547
2020-06-11,24-93734,3093-20,8.74898530176,547
2020-06-11,24-93734,3092-20,9.86607211094,576
2020-06-11,24-93734,2588-20,8.99858154107,552
2020-06-16,24-93877,3095-20,15.2406584959,534
2020-06-16,24-93877,3096-20,14.3717581846,536
2020-06-16,24-93877,3097-20,14.1431973801,544
2020-06-16,24-93877,3098-20,19.3211079035,537
2020-06-16,24-93877,3252-20,16.548624397,536
2020-06-16,24-93877,3253-20,14.4468047886,530
2020-06-16,24-93877,3254-20,11.8951887927,551
2020-06-16,24-93877,3323-20,13.3092874915,534
2020-06-16,24-93877,3324-20,13.664650559,534
2020-06-16,24-93877,3326-20,15.3352150555,562
2020-06-16,24-93877,3377-20,12.8956345215,535
2020-06-16,24-93877,3380-20,14.4706644433,535
2020-06-16,24-93877,3382-20,13.3373020908,519
2020-06-16,24-93877,3328-20,9.59193353722,545
2020-06-16,24-93877,3327-20,12.9074803621,537
2020-06-16,24-93877,3418-20,16.7169146531,526
2020-06-16,24-93877,4071-20,12.8674213509,533
2020-06-16,24-93877,4072-20,13.8204732995,529
2020-06-16,24-93877,4073-20,13.7295161612,532
2020-06-16,24-93877,4798-20,12.2044861742,520
2020-06-16,24-93877,4802-20,14.7234017374,523
2020-06-16,24-93877,4816-20,10.9656896735,544
2020-06-16,24-93877,4953-20,10.5634001919,512
2020-06-16,24-93877,5061-20,14.4200796394,543
2020-06-22,24-95029,462-20,14.0769649788,553
2020-06-22,24-95029,2799-20,14.2963749424,534
2020-06-22,24-95029,2849-20,16.3086414439,504
2020-06-22,24-95029,3442-20,18.3002920532,495
2020-06-22,24-95029,3373-20,15.4035967974,491
2020-06-22,24-95029,3375-20,14.6277169106,499
2020-06-22,24-95029,3498-20,13.4797599104,491
2020-06-22,24-95029,3499-20,12.2576284903,508
2020-06-22,24-95029,3500-20,13.1540451526,542
2020-06-22,24-95029,3506-20,15.847800056,513
2020-06-22,24-95029,3517-20,16.0186620945,516
2020-06-22,24-95029,3518-20,18.1237944806,506
2020-06-22,24-95029,3522-20,13.3668461587,513
2020-06-22,24-95029,3503-20,16.7136386099,504
2020-06-22,24-95029,3523-20,15.6964923553,518
2020-06-22,24-95029,4967-20,16.9460554378,559
2020-06-22,24-95029,5095-20,12.3922170923,584
2020-06-22,24-95029,5108-20,11.6353211538,560
2020-06-22,24-95029,5109-20,13.1343184133,557
2020-06-22,24-95029,5114-20,18.8259332931,545
2020-06-22,24-95029,5157-20,15.1084025701,538
2020-06-22,24-95029,5223-20,14.8689721254,546
2020-06-22,24-95029,5230-20,14.9038917949,547
2020-06-22,24-95029,5297-20,13.1731602892,560
2020-06-30,24-95741,3498-20,10.7091287879,538
2020-06-30,24-95741,4632-19,10.672934453,542
2020-06-30,24-95741,4633-19,10.0243391055,557
2020-06-30,24-95741,4634-19,10.0722420981,558
2020-06-30,24-95741,3479-20,11.7186341322,536
2020-06-30,24-95741,3559-20,11.5724006612,550
2020-06-30,24-95741,3560-20,10.9416221598,551
2020-06-30,24-95741,1658-20,12.0288274143,555
2020-06-30,24-95741,2535-20,6.39541383853,549
2020-06-30,24-95741,3659-20,9.85568265747,540
2020-06-30,24-95741,3727-20,10.9796528468,555
2020-06-30,24-95741,3728-20,12.010313857,564
2020-06-30,24-95741,3729-20,12.5472932014,544
2020-06-30,24-95741,3584-20,11.0627572638,545
2020-06-30,24-95741,3940-20,11.2724697781,548
2020-06-30,24-95741,3941-20,9.68207536569,550
2020-06-30,24-95741,5305-20,8.18446096417,560
2020-06-30,24-95741,5356-20,9.84114094442,552
2020-06-30,24-95741,5394-20,10.7348430771,564
2020-06-30,24-95741,5440-20,7.01986719008,561
2020-06-30,24-95741,5523-20,14.9445132211,553
2020-06-30,24-95741,5315-20,9.65876581267,539
2020-06-30,24-95741,5316-20,11.4906597483,570
2020-06-30,24-95741,5317-20,10.7525987649,556
2020-07-02,24-96937,1582-20,4.25674370262,556
2020-07-02,24-96937,1583-20,5.20111342424,554
2020-07-02,24-96937,4439-20,6.58155887793,550
2020-07-02,24-96937,4441-20,5.67832739323,546
2020-07-02,24-96937,4539-20,5.36348290263,560
2020-07-02,24-96937,4547-20,6.41158139157,534
2020-07-02,24-96937,4549-20,6.81484915601,547
2020-07-02,24-96937,4550-20,4.898897776,559
2020-07-02,24-96937,4565-20,6.31154656501,546
2020-07-02,24-96937,4574-20,7.07027763323,571
2020-07-02,24-96937,4575-20,7.05348245754,535
2020-07-02,24-96937,4614-20,5.67146978639,548
2020-07-02,24-96937,4649-20,7.67692433509,553
2020-07-02,24-96937,4650-20,7.73832147838,524
2020-07-02,24-96937,111G-rerun-CTG,6.89039531074,551
2020-07-02,24-96937,5551-20,4.86139603926,549
2020-07-02,24-96937,5571-20,5.4663162013,553
2020-07-02,24-96937,5572-20,4.85319921448,549
2020-07-02,24-96937,5579-20,5.8697862232,553
2020-07-02,24-96937,5613-20,6.31225596131,558
2020-07-02,24-96937,5707-20,3.7195982861,555
2020-07-02,24-96937,5748-20,5.4185160679,539
2020-07-02,24-96937,5825-20,4.86250685608,516
2020-07-07,24-97102,4181-20,10.450699348,560
2020-07-07,24-97102,4182-20,11.2330605904,559
2020-07-07,24-97102,4183-20,15.3922121842,553
2020-07-07,24-97102,4241-20,13.2475422028,558
2020-07-07,24-97102,4242-20,11.9418004495,557
2020-07-07,24-97102,4243-20,11.8795172359,571
2020-07-07,24-97102,4257-20,10.5982680792,546
2020-07-07,24-97102,4258-20,12.0215317268,567
2020-07-07,24-97102,4259-20,8.24366630159,553
2020-07-07,24-97102,1797-20,10.5519917533,584
2020-07-07,24-97102,1798-20,10.0241209971,559
2020-07-07,24-97102,1799-20,12.8171725257,556
2020-07-07,24-97102,4309-20,12.2108766146,545
2020-07-07,24-97102,4310-20,10.560013127,567
2020-07-07,24-97102,4311-20,11.6488894393,557
2020-07-07,24-97102,4341-20,10.7167194209,572
2020-07-07,24-97102,4342-20,11.1653832165,550
2020-07-07,24-97102,4343-20,12.7226293301,539
2020-07-07,24-97102,1185-16,11.7511434252,561
2020-07-07,24-97102,1186-16,15.127223208,551
2020-07-07,24-97102,1187-16,12.9971182903,554
2020-07-07,24-97102,4375-20,11.153047282,544
2020-07-07,24-97102,4415-20,12.6689078159,543
2020-07-07,24-97102,4416-20,12.2113888311,561
2020-07-10,24-97634,2748-20-GMS-AL,8.16990184054,534
2020-07-10,24-97634,2700-20-GMS-AL,11.1500570229,538
2020-07-10,24-97634,10056-19-GMS-AL,7.94163879157,526
2020-07-10,24-97634,1108-20-GMS-AL,10.0367350819,544
2020-07-10,24-97634,1109-20-GMS-AL,9.40627125534,535
2020-07-10,24-97634,92-20-GMS-AL,9.70500802323,559
2020-07-10,24-97634,26-20-GMS-AL,9.51195245136,541
2020-07-10,24-97634,2702-20-GMS-AL,6.66916043258,514
2020-07-10,24-97634,10058-19-GMS-AL,7.02761442406,525
2020-07-10,24-97634,8946-19-GMS-AL,10.1034263452,532
2020-07-10,24-97634,8947-19-GMS-AL,6.00024185585,527
2020-07-10,24-97634,90-20-GMS-AL,12.5024803229,534
2020-07-10,24-97754,4440-20,11.374604047,528
2020-07-10,24-97754,4467-20,9.9808770479,535
2020-07-10,24-97754,4560-20,11.0218943219,557
2020-07-10,24-97754,4615-20,8.94993227795,546
2020-07-10,24-97754,4617-20,11.0279105945,554
2020-07-10,24-97754,4619-20,10.4255184165,554
2020-07-10,24-97754,4624-20,10.1424011464,532
2020-07-10,24-97754,4652-20,8.28695458156,561
2020-07-10,24-97754,4654-20,11.8620879341,530
2020-07-10,24-97754,4655-20,10.0857770929,537
2020-07-10,24-97754,4665-20,9.62000998522,555
2020-07-10,24-97754,4666-20,9.31072394881,538
2020-07-10,24-97754,4718-20,9.50409350914,545
2020-07-10,24-97754,4720-20,10.2837608726,538
2020-07-10,24-97754,5315-20,11.699178789,549
2020-07-10,24-97754,5790-20,10.0494047182,555
2020-07-10,24-97754,5844-20,10.9724569809,531
2020-07-10,24-97754,5875-20,11.0847511417,558
2020-07-10,24-97754,5905-20,9.49245376817,556
2020-07-10,24-97754,5913-20,10.7515907828,540
2020-07-10,24-97754,5916-20,8.22845659273,547
2020-07-10,24-97754,5922-20,9.64087961748,562
2020-07-10,24-97754,5999-20,9.38263140268,550
2020-07-10,24-97754,6043-20,4.37269361995,551
2020-07-13,24-97972,6916-19-GMS-AL,10.9335285068,538
2020-07-13,24-97972,4195-20-GMS-AL,10.862871408,544
2020-07-13,24-97972,4197-20-GMS-AL,9.22233484458,547
2020-07-13,24-97972,5375-19-GMS-AL,8.18450336046,540
2020-07-13,24-97972,9882-19-GMS-AL,10.7507612695,550
2020-07-13,24-97972,3904-19-GMS-AL,8.53283663376,541
2020-07-13,24-97972,3909-19-GMS-AL,9.41246098854,532
2020-07-13,24-97972,3985-19-GMS-AL,10.7153216056,541
2020-07-13,24-97972,3986-19-GMS-AL,9.99074763826,552
2020-07-13,24-97972,6883-19-GMS-AL,11.5902255386,545
2020-07-13,24-97972,5377-19-GMS-AL,5.58289446743,513
2020-07-13,24-97972,9884-19-GMS-AL,8.94039024244,537
2020-07-16,24-98410,4726-20,9.76337844289,505
2020-07-16,24-98410,4727-20,9.01962483337,527
2020-07-16,24-98410,4728-20,10.2192619585,564
2020-07-16,24-98410,4770-20,9.82746137562,580
2020-07-16,24-98410,4771-20,8.91192413845,575
2020-07-16,24-98410,4772-20,10.609517755,573
2020-07-16,24-98410,4845-20,8.19474176105,569
2020-07-16,24-98410,4846-20,11.0126864265,586
2020-07-16,24-98410,4868-20,8.5704788209,522
2020-07-16,24-98410,5038-20,10.1622385551,575
2020-07-16,24-98410,5041-20,7.56035722182,547
2020-07-16,24-98410,5043-20,9.3861769238,602
2020-07-16,24-98410,5063-20,7.27683599545,672
2020-07-16,24-98410,5064-20,10.1947175532,639
2020-07-16,24-98410,5099-20,10.20980704,579
2020-07-16,24-98410,1214-20,9.07559589583,570
2020-07-16,24-98410,2249-20,9.22212652446,545
2020-07-16,24-98410,5172-20,9.71149956434,559
2020-07-16,24-98410,5173-20,10.3846917362,557
2020-07-16,24-98410,5213-20,8.16443606057,557
2020-07-16,24-98410,5214-20,10.6916222901,525
2020-07-16,24-98410,6070-20,9.73219291145,567
2020-07-16,24-98410,6181-20,10.5712816752,556
2020-07-16,24-98410,6192-20,8.25070550702,513
2020-07-20,24-98434,6857-19-GMS-AL,11.8787381116,548
2020-07-20,24-98434,5124-19-GMS-AL,10.4187626294,560
2020-07-20,24-98434,5127-19-GMS-AL,13.2719504388,551
2020-07-20,24-98434,9030-19-GMS-AL,9.94579553634,556
2020-07-20,24-98434,3491-20-GMS-AL,10.7042883745,562
2020-07-20,24-98434,4306-20-GMS-AL,11.8605390268,562
2020-07-20,24-98434,4308-20-GMS-AL,10.8152706587,532
2020-07-20,24-98434,6858-19-GMS-AL,6.19290880362,536
2020-07-20,24-98434,9033-19-GMS-AL,8.25553064084,553
2020-07-20,24-98434,3492-20-GMS-AL,6.24722722609,542
2020-07-20,24-98434,7506-19-GMS-AL,21.2846767214,532
2020-07-20,24-98434,7507-19-GMS-AL,7.11165140005,541
,24-98658,7023-19-GMS-AL,9.47316990222,526
,24-98658,7025-19-GMS-AL,11.2857919629,542
,24-98658,5572-19-GMS-AL,9.9391243376,554
,24-98658,11903-19-GMS-AL,11.6086011767,561
,24-98658,11905-19-GMS-AL,12.5078335367,545
,24-98658,5165-19-GMS-AL,9.36709695796,547
,24-98658,5166-19-GMS-AL,10.8796546002,529
,24-98658,11143-19-GMS-AL,13.4077094615,553
,24-98658,11145-19-GMS-AL,7.8661441788,541
,24-98658,5570-19-GMS-AL,10.752482801,538
,24-99683,184-20,N/A,497
,24-99683,185-20,N/A,520
,24-99683,4945-20,N/A,517
,24-99683,5110-20,N/A,505
,24-99683,5112-20,N/A,499
,24-99683,5113-20,N/A,500
,24-99683,5124-20,N/A,488
,24-99683,5175-20,N/A,490
,24-99683,5224-20,N/A,520
,24-99683,5225-20,N/A,503
,24-99683,5239-20,N/A,496
,24-99683,5240-20,N/A,524
,24-99683,2788-20,N/A,499
,24-99683,2789-20,N/A,494
,24-99683,5384-20,N/A,509
,24-99683,5376-20,N/A,488
,24-99683,5377-20,N/A,519
,24-99683,5378-20,N/A,516
,24-99683,1640-20,N/A,496
,24-99683,5390-20,N/A,488
,24-99683,5391-20,N/A,512
,24-99683,6263-20,N/A,509
,24-99683,6271-20,N/A,485
,24-99683,6273-20,N/A,512
